{
    "model_params": {
        "hidden_size": 84,
        "num_layers": 2,
        "dense_size": 175,
        "smaller_dense_size": 37,
        "lstm_dropout": 0.09,
        "dense_dropout": 0.15
    },
    "train_params": {
        "lr": 0.01,
        "epochs": 50,
        "early_stopping": true
    },
    "loss": "RMSE",
    "batch_size": 149,
    "number of data": 454897,
    "train_loss": [
        0.5973494065381877,
        0.5894821764668831,
        0.5861046754441182,
        0.586125407830403,
        0.5849565384263411,
        0.5848855917234324,
        0.5867400340299078,
        0.5900372605010638,
        0.588007892252889,
        0.5797511188467721,
        0.5804339459576531,
        0.5805959178069517,
        0.5791146235508173,
        0.5802037607606341,
        0.5801680089995543,
        0.578388210050481,
        0.5829226929039163,
        0.5799462022037144,
        0.5798549363057105,
        0.578512335063745,
        0.5748412789105197,
        0.5758031044598294,
        0.5717135555981184,
        0.5750827593439101,
        0.5780415870725152,
        0.573039038910305,
        0.5737509127185261,
        0.5717266832673272,
        0.5702116870456472,
        0.569300684695981,
        0.5696416185882651,
        0.569504351146175,
        0.5685128569456541,
        0.5686691697702774,
        0.5684513963326993,
        0.5676147527346016,
        0.5662025736368488,
        0.5660643597098987,
        0.5665191411483963,
        0.5655422982254303,
        0.5657460107945474,
        0.565316184974482,
        0.5647275292732815,
        0.5641313056466699,
        0.5654060088715473,
        0.5635745744997269,
        0.5629713474981831,
        0.5624808430027423,
        0.5623762380372022,
        0.5621945401351647
    ],
    "val_loss": [
        0.6006786040851851,
        0.5884903403861684,
        0.5778786117172523,
        0.5878414472119998,
        0.6119252043311927,
        0.5799979772363792,
        0.6054623915558368,
        0.5896019498683007,
        0.5769731718002871,
        0.5799422266736495,
        0.5771044716898319,
        0.5766169242450973,
        0.5791467254140735,
        0.5777798790847306,
        0.5811326616281605,
        0.5788443057762135,
        0.5803221456244984,
        0.5803446348613694,
        0.5787526515029524,
        0.5758736643467681,
        0.574571569848553,
        0.573005373147385,
        0.5741842976361953,
        0.5764393616566615,
        0.5738320136580144,
        0.5735017384751356,
        0.5737713620198511,
        0.5697575986033696,
        0.5720918758780555,
        0.5716190420772473,
        0.5692554106578714,
        0.5698343681550659,
        0.569473590998523,
        0.5692161151089851,
        0.5680879810742573,
        0.5680153484189756,
        0.5659033269305497,
        0.5658543261982347,
        0.5656992698137739,
        0.5652440313392684,
        0.567722918273425,
        0.565416436191857,
        0.5643983270566372,
        0.5646617433666128,
        0.5636702328480802,
        0.5621424209227605,
        0.5617861928841358,
        0.5616555220961219,
        0.5615790882820928,
        0.5616684830294246
    ]
}