{
    "model_params": {
        "hidden_size": 57,
        "num_layers": 1,
        "dense_size": 255,
        "smaller_dense_size": 24,
        "lstm_dropout": 0.025,
        "dense_dropout": 0.08
    },
    "train_params": {
        "lr": 0.04,
        "epochs": 50,
        "early_stopping": true
    },
    "loss": "RMSE",
    "batch_size": 14,
    "number of data": 2856,
    "train_loss": [
        1.3832026467311616,
        1.2733488867388052,
        1.3423969953083525,
        1.3642735184699881,
        1.338039877221865,
        1.3409760394224934,
        1.3061480418431992,
        1.6045759425443762,
        1.4053071523998297,
        1.2686079027605992,
        1.2266089942525416,
        1.2268584876083861,
        1.2299015095420913,
        1.2510586334209817,
        1.2604265766693097,
        1.2348663180189974,
        1.2529047604869394,
        1.3112505978228999,
        1.2610786151067883,
        1.238004491171416,
        1.208707469643331,
        1.2195821982972763,
        1.2452782664228887,
        1.222523782475322,
        1.2165453100905699,
        1.2062802175972975,
        1.2205067336851476,
        1.2012575482036554,
        1.1941977385796754,
        1.1952452840758305,
        1.1897856952512966,
        1.1924919724172236,
        1.196449406006757
    ],
    "val_loss": [
        1.1887599487196316,
        1.1998357705094598,
        1.256290223110806,
        1.1969874203205109,
        1.1980076770890842,
        1.2830232381820679,
        1.2703070464459332,
        1.2253159433603287,
        1.7865439599210566,
        1.2349428602240302,
        1.1877037164839832,
        1.2086557163433596,
        1.1975353224710985,
        1.2126083672046661,
        1.185025001114065,
        1.2140068208629435,
        1.1883727813308889,
        1.418842833150517,
        1.2534089237451553,
        1.1759813021529804,
        1.1743916842070492,
        1.1918348426168615,
        1.1648048284378918,
        1.1974971741437912,
        1.1868904395536943,
        1.198450042442842,
        1.187126790935343,
        1.222889025102962,
        1.1920240968465805,
        1.1980630985715173,
        1.1880356615239924,
        1.1749668283896013,
        1.1937058581547304
    ]
}