{
    "model_params": {
        "embedding_size": 463,
        "hidden_size": 30,
        "num_layers": 4,
        "dense_size": 211,
        "smaller_dense_size": 62,
        "lstm_dropout": 0.02,
        "dense_dropout": 0.1
    },
    "train_params": {
        "lr": 0.0046,
        "epochs": 200,
        "early_stopping": true
    },
    "loss": "RMSE",
    "batch_size": 74,
    "number of data": 454878,
    "train_loss": [
        0.5631357607791846,
        0.54770989029053,
        0.5445878874781424,
        0.5433404218070348,
        0.5426991503980851,
        0.5420775701379279,
        0.5424862524440894,
        0.5420549570282669,
        0.5421898688618606,
        0.5383631740330835,
        0.5378402859137391,
        0.5377588645338877,
        0.5378291610248384,
        0.5373359612910868,
        0.5376591356145438,
        0.5372135723841487,
        0.5376950981332089,
        0.5375729247973724,
        0.5345810713788562,
        0.5344568115168322,
        0.534668865653486,
        0.5341507898916631,
        0.5345949635590812,
        0.5341849527927032,
        0.5342429319939924,
        0.5344441868419354,
        0.5343029001839513,
        0.5323829345655999,
        0.5321532775686876,
        0.5320939741785088,
        0.5319042251650951,
        0.5320568759838546,
        0.5317950366652456,
        0.5316136355116559,
        0.5316506975382077,
        0.5317887003021898,
        0.5298929861697488,
        0.5296012210093496,
        0.5297131335418244,
        0.5294506801242302,
        0.5293493603926006,
        0.5298264595295562,
        0.5297184987089121,
        0.5296782653264268,
        0.5298642688637655,
        0.5283088497544801,
        0.5284779021870669,
        0.5284371926073953,
        0.5283290679491263,
        0.5284296663307418
    ],
    "val_loss": [
        0.5692316194666253,
        0.5591998174241137,
        0.5576749176310586,
        0.5576247155971792,
        0.5579355652082717,
        0.557027550187851,
        0.5565091301284807,
        0.5574831278833777,
        0.5564812216935011,
        0.5550541869456038,
        0.5549160027399245,
        0.5548209617811625,
        0.554655395415482,
        0.5544316774973234,
        0.5546335608727063,
        0.5542980397820997,
        0.5552331263725789,
        0.5538841350274065,
        0.5525829327752265,
        0.5520640676009358,
        0.5519637668158963,
        0.5520350259141028,
        0.552020430128536,
        0.5519008635820093,
        0.5517571678666036,
        0.552152056928784,
        0.5515794841951717,
        0.550625272498822,
        0.550583839329235,
        0.5505223722792998,
        0.5505347575223288,
        0.5503553265315722,
        0.5503553985283979,
        0.5504308659283343,
        0.550291571444334,
        0.55021114760838,
        0.54955605700023,
        0.549747971869667,
        0.5495701264235495,
        0.5493418122934911,
        0.5492360541272477,
        0.5493450462163629,
        0.5493950749342473,
        0.5495964583898533,
        0.5495718285157775,
        0.5489944748874989,
        0.5490587075536806,
        0.5488436839721912,
        0.5490778270743427,
        0.5490069647877318
    ]
}