{
    "model_params": {
        "embedding_size": 245,
        "hidden_size": 35,
        "num_layers": 2,
        "dense_size": 178,
        "smaller_dense_size": 121,
        "lstm_dropout": 0.19,
        "dense_dropout": 0.003
    },
    "train_params": {
        "lr": 0.006,
        "epochs": 200,
        "early_stopping": true
    },
    "loss": "RMSE",
    "batch_size": 13,
    "number of data": 2860,
    "train_loss": [
        1.2381647800857372,
        1.1594280397350138,
        1.1072671917351808,
        1.0849732976745476,
        1.0630941493944688,
        1.0284784109754996,
        1.0226014255122704,
        1.0049268120391803,
        0.9908572301268578,
        0.9829959958114407,
        0.9476172265004028,
        0.9362938966263424,
        0.9298677539283579,
        0.9062246852300384,
        0.8861524676396089,
        0.8764367013492368,
        0.8613375659016046,
        0.836673492802815,
        0.8384105622091077,
        0.8067186345430938,
        0.7974430808289484,
        0.7926383149217475,
        0.7822190252894705
    ],
    "val_loss": [
        1.1139162977536519,
        1.109359713892142,
        1.0968426788846652,
        1.0514377591510613,
        1.071725893765688,
        1.0436085214217503,
        1.0527411413689454,
        1.0642321817576885,
        1.0461721184353034,
        1.1650918386876583,
        1.2004345046977203,
        1.2578365889688332,
        1.0060332876940568,
        1.0752822247644265,
        1.0883198504646618,
        1.0949545577168465,
        1.150464688738187,
        1.328135007371505,
        1.19945299004515,
        1.1533930624524753,
        1.227791850765546,
        1.2126062450309594,
        1.1273057994743187
    ]
}